Kiribati	133	141	40,000	0	6	1	testsetinput.txt	CO2	0	40,000 metric tons -- The annual emissions of one of the convention's least-polluting member countries, the Pacific island nation of Kiribati, according to U.S. data.
Poland	207	213	38 million	188	198	2	testsetinput.txt	POP	0	A 2004 EU entrant of 38 million people, Poland is almost entirely reliant on coal for electricity and heat.
Sudan	400	405	39 million	606	616	4	testsetinput.txt	POP	0	A recent population census in Sudan showed 18.5 million persons were under the age of 16 years and that 6 million were under the age of five years, which indicates that children represent the biggest part of Sudan's total population of 39 million.
Sudan	578	583	39 million	606	616	4	testsetinput.txt	POP	0	A recent population census in Sudan showed 18.5 million persons were under the age of 16 years and that 6 million were under the age of five years, which indicates that children represent the biggest part of Sudan's total population of 39 million.
Malaysia	638	646	28 million	649	659	5	testsetinput.txt	POP	0	About 60 percent of Malaysia's 28 million people are Malay Muslims, while the rest are ethnic Chinese, Indians and indigenous tribes, who follow Christianity, Hinduism and other religions.
Greenland	821	830	60,000	834	840	6	testsetinput.txt	POP	0	about half of Greenland 's 60,000 people be native to the icebound island .
Brazil	906	912	4.31 percent	942	954	7	testsetinput.txt	INF	0	accord to the survey , Brazil 's inflation rate will reach 4.31 percent in 2009 .
Chinese	1004	1011	1 billion	1198	1207	8	testsetinput.txt	POP	0	According to a new report cited by the Chinese government, 19.4 percent of the country's arable land has been polluted due to years of rapid industrialization, raising concerns over the safety of the homegrown food for that nation's 1 billion people.
Malaysia	1241	1249	1.8 percent	1324	1335	9	testsetinput.txt	INF	0	According to Bank Negara Malaysia, the country's central bank, headline inflation moderated in September to 1.8 percent, and inflation is expected to remain moderate going into 2011.
Austria	1435	1442	1.8 percent	1510	1521	10	testsetinput.txt	INF	0	According to Bruckbauer's estimate, Austria's inflation for this year and next will remain at the low rates of 1.8 percent and 2 percent, respectively.
Austria	1435	1442	2 percent	1526	1535	10	testsetinput.txt	INF	0	According to Bruckbauer's estimate, Austria's inflation for this year and next will remain at the low rates of 1.8 percent and 2 percent, respectively.
Pakistani	1664	1673	800,000	1738	1745	12	testsetinput.txt	AGL	0	According to Pakistani authorities, around a quarter of the country which extends over 800,000 square kilometres (308,880 square miles) and counts 167 million inhabitants, have been affected by the floods over the last three weeks.
Pakistani	1664	1673	308,880	1765	1772	12	testsetinput.txt	AGL	0	According to Pakistani authorities, around a quarter of the country which extends over 800,000 square kilometres (308,880 square miles) and counts 167 million inhabitants, have been affected by the floods over the last three weeks.
Pakistani	1664	1673	167 million	1798	1809	12	testsetinput.txt	POP	0	According to Pakistani authorities, around a quarter of the country which extends over 800,000 square kilometres (308,880 square miles) and counts 167 million inhabitants, have been affected by the floods over the last three weeks.
Singapore	1935	1944	38,000	1957	1963	13	testsetinput.txt	CO2	0	According to Singapore National Environment Agency, Singapore emits about 38,000 kilotons of CO2 each year, 15% of which is from transportation.
Finland	2107	2114	70.1 million	2127	2139	14	testsetinput.txt	CO2	0	According to the authority's preliminary estimate, greenhouse gas emissions in Finland amounted to 70.1 million tons of carbon dioxide equivalent in 2008.
Brazil	2206	2212	4.5 percent	2254	2265	15	testsetinput.txt	INF	0	According to the bank, Brazil's inflation will return to the target of 4.5 percent set by the government in 2012.
Bangladesh	2341	2351	7.18 percent	2400	2412	16	testsetinput.txt	INF	0	According to the BBS statistics, Nahar said Bangladesh's annual average food inflation was recorded at 7.18 percent in the last fiscal year 2008-09, compared with 12.28 percent in the previous 2007-08 fiscal year.
Bangladesh	2341	2351	12.28 percent	2460	2473	16	testsetinput.txt	INF	0	According to the BBS statistics, Nahar said Bangladesh's annual average food inflation was recorded at 7.18 percent in the last fiscal year 2008-09, compared with 12.28 percent in the previous 2007-08 fiscal year.
Jordan	2548	2554	5.1 percent	2623	2634	17	testsetinput.txt	INF	0	According to the figures released by Jordan's Department of Statistics (DoS), inflation in March alone stood at 5.1 percent driven by increase in costs of transport and basic commodities such as meat, sugar and poultry.
Russian	2756	2763	1,038	2800	2805	18	testsetinput.txt	ELEC	0	According to the IEA the Russian gross production of electricity was 1,038 TWh in 2008 and 930 TWh in 2004 giving the 4 th top position among the world producers in 2008.
Russian	2756	2763	930	2822	2825	18	testsetinput.txt	ELEC	0	According to the IEA the Russian gross production of electricity was 1,038 TWh in 2008 and 930 TWh in 2004 giving the 4 th top position among the world producers in 2008.
Singapore	2975	2984	77.8 percent	3006	3018	19	testsetinput.txt	INTERNET	0	According to the International Telecommunication Union, as of June 2010, Singapore Internet usage has a 77.8 percent penetration rate, said Dr Sundeep Muppidi of the Asian Media Information and Communication Center (AMIC).
China	3214	3219	9.8 million	3236	3247	20	testsetinput.txt	CO2	0	According to the U.S. Department of Energy’s Carbon Dioxide Information Analysis Center, China in 2012 emitted 9.8 million kilotons of CO2, while the United States emitted 5.2 million kilotons.
United States	3275	3288	5.2 million	3297	3308	20	testsetinput.txt	CO2	0	According to the U.S. Department of Energy’s Carbon Dioxide Information Analysis Center, China in 2012 emitted 9.8 million kilotons of CO2, while the United States emitted 5.2 million kilotons.
Taiwan	3380	3386	75.43 percent	3391	3404	21	testsetinput.txt	INTERNET	0	According to TNIC, there are 17.64 million Internet users in Taiwan, or 75.43 percent of the entire population.
USA electricity generation in	3438	3467	4,047.70	3476	3483	22	testsetinput.txt	ELEC	0	Actual USA electricity generation in 2012 of 4,047.7 Terawatt hours.
Afghanistan	3500	3511	44	3596	3598	23	testsetinput.txt	LIFE	0	Afghanistan, which is mostly rural, has one of the lowest life expectancy rates in the world at 44 years for both men and women.
Greece	3856	3862	77.1	3945	3949	25	testsetinput.txt	LIFE	0	Along with early retirement, Greece has one of Europe's highest longevity rates -- with an average life expectancy of 77.1 years for men and 81.9 for women.
Greece	3856	3862	81.9	3968	3972	25	testsetinput.txt	POP	0	Along with early retirement, Greece has one of Europe's highest longevity rates -- with an average life expectancy of 77.1 years for men and 81.9 for women.
Lithuania	4299	4308	7.9 percent	4345	4356	27	testsetinput.txt	INF	0	Annual average inflation -- a different measure that is crucial for countries like Lithuania aiming to adopt the euro -- fell to 7.9 percent in July from 8.7 percent in June and 9.4 percent in May.
Lithuania	4299	4308	8.7 percent	4370	4381	27	testsetinput.txt	INF	0	Annual average inflation -- a different measure that is crucial for countries like Lithuania aiming to adopt the euro -- fell to 7.9 percent in July from 8.7 percent in June and 9.4 percent in May.
Lithuania	4299	4308	9.4 percent	4394	4405	27	testsetinput.txt	INF	0	Annual average inflation -- a different measure that is crucial for countries like Lithuania aiming to adopt the euro -- fell to 7.9 percent in July from 8.7 percent in June and 9.4 percent in May.
Azerbaijan	4434	4444	16.70 percent	4509	4522	28	testsetinput.txt	INF	0	Annual inflation in Azerbaijan remained in single digits up to 2008 when it suddenly spiked to 16.70 percent followed 2009's 20.80 percent record high in a decade.
Azerbaijan	4434	4444	20.80 percent	4539	4552	28	testsetinput.txt	INF	0	Annual inflation in Azerbaijan remained in single digits up to 2008 when it suddenly spiked to 16.70 percent followed 2009's 20.80 percent record high in a decade.
Britain	4612	4619	2.9 percent	4634	4645	29	testsetinput.txt	INF	0	Annual inflation in recession-hit Britain had surged to 2.9 percent in December, partly due to higher crude costs and changes in taxation levels, official data showed last month.
Malaysia	4922	4930	2.2 percent	4953	4964	30	testsetinput.txt	INF	0	Another indicator of private consumption, namely sales of passenger cars, rose by 15.1 percent year-on-year in May 2010, said the MIER, adding that the inflation in Malaysia was expected to be at 2.2 percent for the year 2010.
USA	5206	5209	3992 billion kWh	5211	5227	32	testsetinput.txt	ELEC	0	As of Jan-2010, total electricity generation for the 2 largest generators was as follows: USA: 3992 billion kWh (3992 TWh) and China: 3715 billion kWh (3715 TWh).
USA	5206	5209	3992	5229	5233	32	testsetinput.txt	ELEC	0	As of Jan-2010, total electricity generation for the 2 largest generators was as follows: USA: 3992 billion kWh (3992 TWh) and China: 3715 billion kWh (3715 TWh).
China	5243	5248	3715 billion kWh	5250	5266	32	testsetinput.txt	ELEC	0	As of Jan-2010, total electricity generation for the 2 largest generators was as follows: USA: 3992 billion kWh (3992 TWh) and China: 3715 billion kWh (3715 TWh).
China	5243	5248	3715	5268	5272	32	testsetinput.txt	ELEC	0	As of Jan-2010, total electricity generation for the 2 largest generators was as follows: USA: 3992 billion kWh (3992 TWh) and China: 3715 billion kWh (3715 TWh).
Russia	5330	5336	17,075,400	5282	5292	33	testsetinput.txt	AGL	0	At 17,075,400 square kilometres (6,592,800 sq mi), Russia is the largest country in the world, covering more than one-eighth of the Earth's inhabited land area.
Russia	5330	5336	6,592,800	5312	5321	33	testsetinput.txt	AGL	0	At 17,075,400 square kilometres (6,592,800 sq mi), Russia is the largest country in the world, covering more than one-eighth of the Earth's inhabited land area.
US	5528	5530	3.71 million	5443	5455	34	testsetinput.txt	AGL	0	At 3.71 million square miles (9.62 million km2) and with around 318 million people, the US is the world's 3rd or 4th-largest country by total area and third-largest by population.
US	5528	5530	9.62 million	5470	5482	34	testsetinput.txt	AGL	0	At 3.71 million square miles (9.62 million km2) and with around 318 million people, the US is the world's 3rd or 4th-largest country by total area and third-largest by population.
US	5528	5530	318 million	5504	5515	34	testsetinput.txt	POP	0	At 3.71 million square miles (9.62 million km2) and with around 318 million people, the US is the world's 3rd or 4th-largest country by total area and third-largest by population.
Singapore	5756	5765	1,000	5776	5781	36	testsetinput.txt	POP	0	At the time, Singapore had about 1,000 inhabitants.
Illinois	5828	5836	5 million	5864	5873	37	testsetinput.txt	POP	0	At the turn of the 20th century, Illinois had a population of nearly 5 million.
Bangladesh	5875	5885	5.39 percent	5945	5957	38	testsetinput.txt	INF	0	Bangladesh 's inflation in May surge slightly from its April level to 5.39 percent as food price soar in the south asian country to some extent , official statistics show .
Bangladesh	6048	6058	1599.16 Million	6072	6087	39	testsetinput.txt	FDI	0	Bangladesh received USD 1599.16 Million Foreign Direct Investment (FDI) in 2013 when we have exported about USD 30.71 billion and imported about USD 40.61 billion.
Iceland	6223	6230	320,000	6259	6266	40	testsetinput.txt	POP	0	because of Iceland 's tiny population , around 320,000 , the original deal would have require each person to pay around $ 135 a month for eight year -- the equivalent of a quarter of a average four-member family 's salary .
Britain	6721	6728	1.8 percent	6758	6769	42	testsetinput.txt	INF	0	Britain's inflation rate remained at 1.8 percent in July, surprising many economists who had forecast the price measure to fall further below the Bank of England's 2 percent target, according to official figures out Tuesday.
England	6875	6882	1.8 percent	6758	6769	42	testsetinput.txt	INF	0	Britain's inflation rate remained at 1.8 percent in July, surprising many economists who had forecast the price measure to fall further below the Bank of England's 2 percent target, according to official figures out Tuesday.
Canada	6965	6971	77.5	7002	7006	43	testsetinput.txt	LIFE	0	But in the rest of Canada, male life expectancy rose to 77.5 years from 74.1 years and among females it rose to 81.3 years from 79.7 years.
Canada	6965	6971	74.1	7018	7022	43	testsetinput.txt	LIFE	0	But in the rest of Canada, male life expectancy rose to 77.5 years from 74.1 years and among females it rose to 81.3 years from 79.7 years.
Canada	6965	6971	81.3	7058	7062	43	testsetinput.txt	LIFE	0	But in the rest of Canada, male life expectancy rose to 77.5 years from 74.1 years and among females it rose to 81.3 years from 79.7 years.
Canada	6965	6971	79.7	7074	7078	43	testsetinput.txt	LIFE	0	But in the rest of Canada, male life expectancy rose to 77.5 years from 74.1 years and among females it rose to 81.3 years from 79.7 years.
Armenia	7098	7105	1.3 percent	7132	7143	44	testsetinput.txt	INF	0	by August , Armenia 's inflation rate drop to 1.3 percent , down from the January-July average of 5 percent , accord to the armenian National Statistical Service .
armenian	7210	7218	1.3 percent	7132	7143	44	testsetinput.txt	INF	0	by August , Armenia 's inflation rate drop to 1.3 percent , down from the January-July average of 5 percent , accord to the armenian National Statistical Service .
China	7551	7556	33 percent	7598	7608	46	testsetinput.txt	INTERNET	0	By June 2010, China had 440 million netizens, accounting for 33 percent of its total population, said Hu Qiheng, chairwoman of the Internet Society of China, at the forum.
China	7688	7693	33 percent	7598	7608	46	testsetinput.txt	INTERNET	0	By June 2010, China had 440 million netizens, accounting for 33 percent of its total population, said Hu Qiheng, chairwoman of the Internet Society of China, at the forum.
China	7766	7771	28.9 percent	7818	7830	47	testsetinput.txt	INTERNET	0	By the end of last year, the number of Internet users in China had reached 384 million users, covering about 28.9 percent of the country's total population.
Canada	7866	7872	1.7 percent	7905	7916	48	testsetinput.txt	INF	0	Canada 's inflation rate track down to 1.7 percent in the 12 month to August , follow July 's increase to 1.8 percent from 1.0 percent in June .
Canada	7866	7872	1.8 percent	7972	7983	48	testsetinput.txt	INF	0	Canada 's inflation rate track down to 1.7 percent in the 12 month to August , follow July 's increase to 1.8 percent from 1.0 percent in June .
Canada	7866	7872	1.0 percent	7989	8000	48	testsetinput.txt	INF	0	Canada 's inflation rate track down to 1.7 percent in the 12 month to August , follow July 's increase to 1.8 percent from 1.0 percent in June .
Nigeria	8051	8058	150 million	8095	8106	49	testsetinput.txt	POP	0	Catholicism is fast-growing religion in Nigeria, Africa's most populous nation with 150 million people.
Chile	8115	8120	756, 626	8192	8200	50	testsetinput.txt	AGL	0	Chile is the longest and narrowest nation in the world, with a total area of 756, 626 sq km.
China	8208	8213	30 percent	8290	8300	51	testsetinput.txt	INTERNET	0	China 's population of internet user , already the world 's largest , soar nearly 30 percent last year to 384 million as the number of people surf the web by mobile phone more than double , a research group report Friday .
China	8618	8623	9.86 million	8645	8657	53	testsetinput.txt	CO2	0	China leads the list, with 9.86 million kilotons of CO2 emissions in 2012, as compared to 9.7 million kilotons in 2011.
China	8618	8623	9.7 million	8708	8719	53	testsetinput.txt	CO2	0	China leads the list, with 9.86 million kilotons of CO2 emissions in 2012, as compared to 9.7 million kilotons in 2011.
China	8738	8743	2.21 trillion	8755	8768	54	testsetinput.txt	GOODS	0	China shipped US$2.21 trillion worth of goods, up by 84% since 2009.
China	8807	8812	1.3 billion	8841	8852	55	testsetinput.txt	POP	0	China, with a population of about 1.3 billion, is an ideal place for companies of ASEAN members to do business.
China	8919	8924	5322 billion kWh	8975	8991	56	testsetinput.txt	ELEC	0	China’s total electricity generated in 2013 amounted to 5322 billion kWh (TWh), including 3959 TWh from coal power stations (74%), 896 TWh from hydro power stations, 140 TWh from wind, 8.7 TWh from solar PV, 112 TWh from nuclear, and the rest from other sources.
Brazil	9415	9421	8.51 million	9383	9395	58	testsetinput.txt	AGL	0	Covering a total area of 8.51 million square kilometers, Brazil has a rangeland of more than 200 million hectares, a farmland of 6.2 million hectares and 100 million hectares of unexploited land.
Cuba	9554	9558	77	9620	9622	59	testsetinput.txt	LIFE	0	Cuba has a work force of 4.9 million people, a life expectancy of 77 years, and an infant mortality rate of 5.8 per 1,000 live births.
India	9697	9702	2.01 Million	9720	9732	60	testsetinput.txt	CO2	0	Current India CO2 Emissions is 2.01 Million kt.
Brazil	10029	10035	190 million	10009	10020	62	testsetinput.txt	POP	0	Despite having a population of more than 190 million people, Brazil only has about 2,300 movie theaters; 93 percent of municipalities do not have movie theaters, the Barretos said.
China	10209	10214	1.3 billion	10260	10271	63	testsetinput.txt	POP	0	Despite its remarkable economic growth over the past years, China is a developing country with a population of 1.3 billion.
Italy	10301	10306	60,088,880	10374	10384	64	testsetinput.txt	POP	0	despite the drop in birth , Italy 's resident population in the first two month rise 0.07 percent to 60,088,880 , Istat say .
Russia	10452	10458	60	10496	10498	65	testsetinput.txt	LIFE	0	Drinking causes an extraordinary number of deaths in Russia, where male life expectancy is about 60 years, and it contributes to an array of economic and social problems.
Brunei	10614	10620	400,000	10649	10656	66	testsetinput.txt	POP	0	Drug abuse be a relatively minor problem in Brunei , a tiny sultanate of about 400,000 people on Borneo island .
United States	10955	10968	46346.36	10978	10986	68	testsetinput.txt	GOODS	0	Exports in the United States averaged 46346.36 USD Million from 1950 until 2014, reaching an all time high of 198570 USD Million in August of 2014 and a record low of 772 USD Million in March of 1950.
United States	10955	10968	198570	11050	11056	68	testsetinput.txt	GOODS	0	Exports in the United States averaged 46346.36 USD Million from 1950 until 2014, reaching an all time high of 198570 USD Million in August of 2014 and a record low of 772 USD Million in March of 1950.
United States	10955	10968	772	11107	11110	68	testsetinput.txt	GOODS	0	Exports in the United States averaged 46346.36 USD Million from 1950 until 2014, reaching an all time high of 198570 USD Million in August of 2014 and a record low of 772 USD Million in March of 1950.
Fiji	11141	11145	5.1 percent	11164	11175	69	testsetinput.txt	INF	0	Fiji inflation jump to 5.1 percent SUVA , Oct. 14 -lrb- Xinhua -rrb- inflation in Fiji more than double in August to 5.1 percent , up from 2.2 percent in July , accord to the Reserve Bank of Fiji 's September economic review .
Fiji	11141	11145	5.1 percent	11258	11269	69	testsetinput.txt	INF	0	Fiji inflation jump to 5.1 percent SUVA , Oct. 14 -lrb- Xinhua -rrb- inflation in Fiji more than double in August to 5.1 percent , up from 2.2 percent in July , accord to the Reserve Bank of Fiji 's September economic review .
Fiji	11141	11145	2.2 percent	11280	11291	69	testsetinput.txt	INF	0	Fiji inflation jump to 5.1 percent SUVA , Oct. 14 -lrb- Xinhua -rrb- inflation in Fiji more than double in August to 5.1 percent , up from 2.2 percent in July , accord to the Reserve Bank of Fiji 's September economic review .
Fiji	11223	11227	5.1 percent	11164	11175	69	testsetinput.txt	INF	0	Fiji inflation jump to 5.1 percent SUVA , Oct. 14 -lrb- Xinhua -rrb- inflation in Fiji more than double in August to 5.1 percent , up from 2.2 percent in July , accord to the Reserve Bank of Fiji 's September economic review .
Fiji	11223	11227	5.1 percent	11258	11269	69	testsetinput.txt	INF	0	Fiji inflation jump to 5.1 percent SUVA , Oct. 14 -lrb- Xinhua -rrb- inflation in Fiji more than double in August to 5.1 percent , up from 2.2 percent in July , accord to the Reserve Bank of Fiji 's September economic review .
Fiji	11223	11227	2.2 percent	11280	11291	69	testsetinput.txt	INF	0	Fiji inflation jump to 5.1 percent SUVA , Oct. 14 -lrb- Xinhua -rrb- inflation in Fiji more than double in August to 5.1 percent , up from 2.2 percent in July , accord to the Reserve Bank of Fiji 's September economic review .
Fiji	11332	11336	5.1 percent	11164	11175	69	testsetinput.txt	INF	0	Fiji inflation jump to 5.1 percent SUVA , Oct. 14 -lrb- Xinhua -rrb- inflation in Fiji more than double in August to 5.1 percent , up from 2.2 percent in July , accord to the Reserve Bank of Fiji 's September economic review .
Fiji	11332	11336	5.1 percent	11258	11269	69	testsetinput.txt	INF	0	Fiji inflation jump to 5.1 percent SUVA , Oct. 14 -lrb- Xinhua -rrb- inflation in Fiji more than double in August to 5.1 percent , up from 2.2 percent in July , accord to the Reserve Bank of Fiji 's September economic review .
Fiji	11332	11336	2.2 percent	11280	11291	69	testsetinput.txt	INF	0	Fiji inflation jump to 5.1 percent SUVA , Oct. 14 -lrb- Xinhua -rrb- inflation in Fiji more than double in August to 5.1 percent , up from 2.2 percent in July , accord to the Reserve Bank of Fiji 's September economic review .
Finland	11368	11375	95 percent	11421	11431	70	testsetinput.txt	INTERNET	0	Finland be one of the most wire in the world ; about 95 percent of the population have some sort of internet access .
India	11504	11509	3.50 percent	11523	11535	71	testsetinput.txt	INF	0	Food Inflation in India decreased to 3.50 percent in November of 2014 from 5.68 percent in October of 2014.
India	11504	11509	5.68 percent	11561	11573	71	testsetinput.txt	INF	0	Food Inflation in India decreased to 3.50 percent in November of 2014 from 5.68 percent in October of 2014.
India	11706	11711	17.65 percent	11617	11630	72	testsetinput.txt	INF	0	Food inflation rise to 17.65 percent for the week which end April 10 from 17.22 percent in the previous week in India , report the Press Trust of India .
India	11706	11711	17.22 percent	11668	11681	72	testsetinput.txt	INF	0	Food inflation rise to 17.65 percent for the week which end April 10 from 17.22 percent in the previous week in India , report the Press Trust of India .
India	11740	11745	17.65 percent	11617	11630	72	testsetinput.txt	INF	0	Food inflation rise to 17.65 percent for the week which end April 10 from 17.22 percent in the previous week in India , report the Press Trust of India .
India	11740	11745	17.22 percent	11668	11681	72	testsetinput.txt	INF	0	Food inflation rise to 17.65 percent for the week which end April 10 from 17.22 percent in the previous week in India , report the Press Trust of India .
U.S.	11783	11787	2.7 trillion	11847	11859	73	testsetinput.txt	FDI	0	Foreign direct investment (FDI) in U.S. businesses, measured on a cumulative stock basis, reached $2.7 trillion at the end of 2012, which is equivalent to about 16 percent of U.S. gross domestic product.
U.S.	11923	11927	2.7 trillion	11847	11859	73	testsetinput.txt	FDI	0	Foreign direct investment (FDI) in U.S. businesses, measured on a cumulative stock basis, reached $2.7 trillion at the end of 2012, which is equivalent to about 16 percent of U.S. gross domestic product.
India	11981	11986	2801	12000	12004	74	testsetinput.txt	FDI	0	Foreign Direct Investment in India decreased to 2801 USD Million in October of 2014 from 2897 USD Million in September of 2014.
India	11981	11986	2897	12041	12045	74	testsetinput.txt	FDI	0	Foreign Direct Investment in India decreased to 2801 USD Million in October of 2014 from 2897 USD Million in September of 2014.
Philippines	12121	12132	473 million	12142	12153	75	testsetinput.txt	FDI	0	Foreign direct investments (FDIs) in the Philippines reached $473 million in May as investors remained highly confident in the domestic economy, the Bangko Sentral ng Pilipinas said yesterday.
Georgia	12273	12280	10.7 billion dollars	12337	12357	76	testsetinput.txt	GDP	0	Georgia's total gross domestic product (GDP) stood last year at 10.7 billion dollars (7.9 billion euros) while GDP per capita was 2,450 dollars (1,830 euros), the office said in a statement.
Georgia	12273	12280	7.9 billion euros	12359	12376	76	testsetinput.txt	GDP	0	Georgia's total gross domestic product (GDP) stood last year at 10.7 billion dollars (7.9 billion euros) while GDP per capita was 2,450 dollars (1,830 euros), the office said in a statement.
Germany	12464	12471	1.516 trillion	12521	12535	77	testsetinput.txt	GOODS	0	Germany is the third largest exporter in the world with $1.516 trillion exported in 2012.
Germany	12554	12561	80,219,695	12593	12603	78	testsetinput.txt	POP	0	Germany's population was counted to be 80,219,695 on May 9, 2011, making it the 16th most populous country in the world.
Greece	12675	12681	132,000	12711	12718	79	testsetinput.txt	AGL	0	Greece has an area of approximately 132,000 square kilometers and a population of 11.31 million, of which 98 percent are Greeks.
Greece	12675	12681	11.31 million	12757	12770	79	testsetinput.txt	POP	0	Greece has an area of approximately 132,000 square kilometers and a population of 11.31 million, of which 98 percent are Greeks.
Tonga	12929	12934	104,000	12875	12882	80	testsetinput.txt	POP	0	he say the deployment would help to ease unemployment in the nation of 104,000 people , as well as foster closer tie between Tonga and Britain .
Bangladesh	13024	13034	144 million	13104	13115	81	testsetinput.txt	POP	0	he telecommunications sector has emerged as a key driver of the economy in Bangladesh, one of the world's poorest countries, with nearly 40 percent of its 144 million population surviving on less than a dollar day.
Britain	13220	13227	3.1 percent	13248	13259	82	testsetinput.txt	INF	0	Higher prices for clothes and plane tickets helped keep Britain's inflation rate at 3.1 percent in August, the ninth straight month it has stayed above the official target of 2 percent, official statisticians said Tuesday.
Iceland	13412	13419	320,000	13395	13402	83	testsetinput.txt	POP	0	Home to 320,000 people , Iceland officially apply to join the EU at the end of July , with the government aim to become a member within the next three year .
Russia	13790	13796	996 billion kilowatthors	13759	13784	85	testsetinput.txt	POP	0	In 2011, electric power generation totaled approximately 996 billion kilowatthours, and Russia consumed about 861 billion kilowatthours.
U.S.	13848	13852	6,526 million	13886	13899	86	testsetinput.txt	CO2	0	In 2012, U.S. greenhouse gas emissions totaled 6,526 million metric tons CO2.
Germany	13925	13932	631.4	13966	13971	87	testsetinput.txt	ELEC	0	In 2013 Germany's electricity production reached 631.4 TWh.
Russia	13999	14005	526.4 billion	14021	14034	88	testsetinput.txt	GOODS	0	In 2013, exports from Russia amounted to US$526.4 billion, up 74.4% since 2009.
United States	14070	14083	4,058 billion	14100	14113	89	testsetinput.txt	ELEC	0	In 2013, the United States generated about 4,058 billion kilowatthours of electricity.
China	14152	14157	17.6 trillion	14167	14180	90	testsetinput.txt	GDP	0	In 2014 China reached $17.6 trillion or 16.48 percent of the world’s purchasing-power-adjusted GDP, while the US made slightly less, 16.28 percent or $17.4 trillion, the FT reported citing IMF data.
US	14254	14256	17.4 trillion	14295	14308	90	testsetinput.txt	GDP	0	In 2014 China reached $17.6 trillion or 16.48 percent of the world’s purchasing-power-adjusted GDP, while the US made slightly less, 16.28 percent or $17.4 trillion, the FT reported citing IMF data.
Zimbabwe	14776	14784	47	14809	14811	94	testsetinput.txt	LIFE	0	In stark contrast to the leaders, in Zimbabwe life expectancy is just 47 years and per capita income 176 dollars.
India	15145	15150	10.55 percent	15276	15289	97	testsetinput.txt	INF	0	India 's central bank have already raise interest rate three time this year but inflation have remain stubbornly high and stand at 10.55 percent , the highest among the group of 20 lead nation .
Canada	15620	15626	0.56 million	15692	15704	101	testsetinput.txt	CO2	0	India, Germany, and Canada had constant CO2 emissions for the two years, at 1.97, 0.81, and 0.56 million kilotons, respectively.
Indian	15978	15984	8.51 percent	16026	16038	103	testsetinput.txt	INF	0	Indian wholesale inflation continued to slow to 8.51 percent in August from 9.78 percent in July on cheaper manufactured products, fuels and non-food articles, said a release by the Ministry Commerce and Industry Tuesday.
Indian	15978	15984	9.78 percent	16054	16066	103	testsetinput.txt	INF	0	Indian wholesale inflation continued to slow to 8.51 percent in August from 9.78 percent in July on cheaper manufactured products, fuels and non-food articles, said a release by the Ministry Commerce and Industry Tuesday.
Indonesian	16200	16210	17 percent	16234	16244	104	testsetinput.txt	INTERNET	0	Indonesian internet users rise up 17 percent to 2.3 million.
Libya	16445	16450	12.9 percent	16333	16345	105	testsetinput.txt	INF	0	inflation soar from negative figure at the end of the 1990s to a record 12.9 percent in July last year , before plunge to one percent in June this year , accord to the Central Bank of Libya .
Israel	16453	16459	7.6 million	16497	16508	106	testsetinput.txt	POP	0	Israel in September said its population was 7.6 million, which includes 5.8 million Jews, a figure which counts the 300,000 West Bank settlers, and 1.6 million Arabs.
West Bank	16577	16586	300,000	16569	16576	106	testsetinput.txt	POP	0	Israel in September said its population was 7.6 million, which includes 5.8 million Jews, a figure which counts the 300,000 West Bank settlers, and 1.6 million Arabs.
Japan	16734	16739	83.6	16761	16765	107	testsetinput.txt	LIFE	0	It does not top any individual category -- average income in Liechtenstein is a wallet-busting 81,011 dollars and Japan's life expectancy is 83.6 years -- but Norway's all-round performance gave it superiority in the UN Development Programme (UNDP) 20th annual rankings.
Japan	17173	17178	83	17228	17230	110	testsetinput.txt	LIFE	0	Japan has the world's highest life expectancy -- early 83 years -- according to the World Bank.
Nigeria	17402	17409	150 million	17417	17428	111	testsetinput.txt	POP	0	Jos, situated between the Muslim-dominated north and the Christian south, has in recent years been a hotbed of religious violence in Nigeria, whose 150 million people are divided almost equally between followers of the two faiths.
China	17784	17789	9327489.9	17811	17821	114	testsetinput.txt	AGL	0	Land area (sq. km) in China was last measured at 9327489.90 in 2011, according to the World Bank.
UK	17970	17972	399.6	17985	17990	115	testsetinput.txt	ELEC	0	Latest figures (published 2009) show that there was a 0.4% decrease in the total supply of electricity in the UK in 2008, to 399.6 TWh.
Latvia	17996	18002	2.3 million	18017	18028	116	testsetinput.txt	POP	0	Latvia, a country of 2.3 million people, joined the EU in 2004.
Indian	18089	18095	49.1	18212	18216	117	testsetinput.txt	LIFE	0	Life expectancy at birth for Indian males has gone up from 48.6 years in 1970 to 63.2 years in 2010, while for Indian females the number has risen from 49.1 years to 67.5 years during the same period.
Indian	18089	18095	67.5	18226	18230	117	testsetinput.txt	LIFE	0	Life expectancy at birth for Indian males has gone up from 48.6 years in 1970 to 63.2 years in 2010, while for Indian females the number has risen from 49.1 years to 67.5 years during the same period.
Indian	18171	18177	49.1	18212	18216	117	testsetinput.txt	LIFE	0	Life expectancy at birth for Indian males has gone up from 48.6 years in 1970 to 63.2 years in 2010, while for Indian females the number has risen from 49.1 years to 67.5 years during the same period.
Indian	18171	18177	67.5	18226	18230	117	testsetinput.txt	LIFE	0	Life expectancy at birth for Indian males has gone up from 48.6 years in 1970 to 63.2 years in 2010, while for Indian females the number has risen from 49.1 years to 67.5 years during the same period.
Zimbabwe	18280	18288	47	18333	18335	118	testsetinput.txt	LIFE	0	Life expectancy in Zimbabwe, plagued by AIDS and poverty, has fallen to 47 years from 61 years over the past quarter century.
Zimbabwe	18280	18288	61 years over the past quarter century	18347	18385	118	testsetinput.txt	LIFE	0	Life expectancy in Zimbabwe, plagued by AIDS and poverty, has fallen to 47 years from 61 years over the past quarter century.
Malawi	18438	18444	60 years in the early 1990s	18530	18557	120	testsetinput.txt	LIFE	0	Malawi, like other southern African countries, has seen its life expectancy drop from about 60 years in the early 1990s to below 40 years presently due to the HIV/AIDS pandemic.
Malawi	18438	18444	40	18567	18569	120	testsetinput.txt	LIFE	0	Malawi, like other southern African countries, has seen its life expectancy drop from about 60 years in the early 1990s to below 40 years presently due to the HIV/AIDS pandemic.
Myanmar	18627	18634	7.6 billion	18665	18676	121	testsetinput.txt	GOODS	0	Meanwhile, Myanmar's exports rose 12 percent to $7.6 billion in year through March from $6.78 billion the previous year, according to the report.
Myanmar	18627	18634	6.78 billion	18705	18717	121	testsetinput.txt	GOODS	0	Meanwhile, Myanmar's exports rose 12 percent to $7.6 billion in year through March from $6.78 billion the previous year, according to the report.
Mexico	18762	18768	1,964,375	18789	18798	122	testsetinput.txt	AGL	0	Mexico’s land area extends 1,964,375 sq km.
Mongolia	18806	18814	2,951,786	18888	18897	123	testsetinput.txt	POP	0	Mongolia's total population as of July 2007 is estimated by U.S. Census Bureau at 2,951,786 people, ranking at around 138th in the world in terms of population.
Nigeria	19355	19362	140,431,790	19453	19464	126	testsetinput.txt	POP	0	Nigeria 's 2006 final census figure have put the population of Africa 's most populous country at 140,431,790 , the National Population Commission say.
Pakistan	19604	19612	796,095	19631	19638	128	testsetinput.txt	AGL	0	Pakistan covers an area of 796,095 km2 (307,374 sq mi), approximately equal to the combined land areas of France and the United Kingdom.
Pakistan	19604	19612	307,374	19644	19651	128	testsetinput.txt	AGL	0	Pakistan covers an area of 796,095 km2 (307,374 sq mi), approximately equal to the combined land areas of France and the United Kingdom.
Pakistan	19741	19749	10 billion	19775	19785	129	testsetinput.txt	GOODS	0	Pakistan typically exports about $10 billion of textile products each year, with about a quarter of that amount going to U.S. retailers.
Mumbai	20330	20336	9356962	20366	20373	133	testsetinput.txt	POP	0	Population Census of Mumbai Suburban District in 2011 is 9356962.
Portugal	20375	20383	92,300	20410	20416	134	testsetinput.txt	AGL	0	Portugal has a total area of about 92,300 square kilometers with a population of 10.7 million.
Portugal	20375	20383	10.7 million	20456	20468	134	testsetinput.txt	POP	0	Portugal has a total area of about 92,300 square kilometers with a population of 10.7 million.
Germany	20625	20632	79 percent	20654	20664	136	testsetinput.txt	INTERNET	0	Public broadcaster ARD/ZDF said 55.6 million people in Germany use the internet, or 79 percent of the population aged 14 and over.
Kenya	20868	20873	18.4 percent	20906	20918	138	testsetinput.txt	INF	0	Rising food and electricity costs pushed up Kenya's annual inflation in August to 18.4 percent from 17.8 percent in the previous month, the country's statistics bureau said on Tuesday.
Kenya	20868	20873	17.8 percent	20924	20936	138	testsetinput.txt	INF	0	Rising food and electricity costs pushed up Kenya's annual inflation in August to 18.4 percent from 17.8 percent in the previous month, the country's statistics bureau said on Tuesday.
Russia	21009	21015	142,072,744	21113	21124	139	testsetinput.txt	POP	0	Russia is one of the few countries with a negative growth rate, and its 2014 population is estimated at 142,072,744, a decrease from 2013’s estimate of 142,572,794.
Russia	21009	21015	142,572,794	21161	21172	139	testsetinput.txt	POP	0	Russia is one of the few countries with a negative growth rate, and its 2014 population is estimated at 142,072,744, a decrease from 2013’s estimate of 142,572,794.
Russia	21367	21373	17 million	21402	21412	140	testsetinput.txt	AGL	0	Sharing land borders with Norway, Finland, Estonia, Latvia, Lithuania, Poland, Belarus, Ukraine, Georgia, Azerbaijan, Kazakhstan, China, Mongolia and the Democratic People's Republic of Korea, Russia covers an area of more than 17 million square km stretching from Europe to Asia.
Pakistan	21495	21503	167 million	21540	21551	141	testsetinput.txt	POP	0	Shiites account for about 20 percent of Pakistan's mostly Sunni Muslim population of 167 million.
Costa Rica	21676	21686	79	21664	21666	142	testsetinput.txt	LIFE	0	Since 1970, average life expectancy in the region has climbed from 60 to 74 years, the report noted, rising to 79 years in Costa Rica, Chile and Cuba.
Chile	21688	21693	79	21664	21666	142	testsetinput.txt	LIFE	0	Since 1970, average life expectancy in the region has climbed from 60 to 74 years, the report noted, rising to 79 years in Costa Rica, Chile and Cuba.
Cuba	21698	21702	79	21664	21666	142	testsetinput.txt	LIFE	0	Since 1970, average life expectancy in the region has climbed from 60 to 74 years, the report noted, rising to 79 years in Costa Rica, Chile and Cuba.
Singapore	21898	21907	4.8 million	21910	21921	144	testsetinput.txt	POP	0	Singapore's 4.8 million population, 683 square kilometers of land -- a fourth the size of Luxembourg -- and lack of natural resources leave it with little choice but to sway with the global winds of trade and finance.
Singapore	21898	21907	683	21934	21937	144	testsetinput.txt	AGL	0	Singapore's 4.8 million population, 683 square kilometers of land -- a fourth the size of Luxembourg -- and lack of natural resources leave it with little choice but to sway with the global winds of trade and finance.
Spain	22333	22338	47 million	22376	22386	147	testsetinput.txt	POP	0	Spain's population has grown to just under 47 million, of which 5.7 million are foreigners, mainly from Romania, Morocco, Ecuador and Britain, the national statistics institute INE said Thursday.
Sri Lanka	22529	22538	65,000	22561	22567	148	testsetinput.txt	AGL	0	Sri Lanka has a surface area of 65,000 square kilometres (25,000 square miles).
Sri Lanka	22529	22538	25,000	22587	22593	148	testsetinput.txt	AGL	0	Sri Lanka has a surface area of 65,000 square kilometres (25,000 square miles).
China	22684	22689	19 billion	22644	22654	149	testsetinput.txt	FDI	0	Starting from a base of less than $19 billion in 1990, the stock of FDI in China rose to over $300 billion at the end of 1999.
China	22684	22689	300 billion	22704	22715	149	testsetinput.txt	FDI	0	Starting from a base of less than $19 billion in 1990, the stock of FDI in China rose to over $300 billion at the end of 1999.
Suriname	23054	23062	500,000	23088	23095	152	testsetinput.txt	POP	0	Suriname , with its population of 500,000 people , be sandwich between Guyana and French Guiana , border northern Brazil .
Sweden	23177	23183	449,964	23204	23211	153	testsetinput.txt	AGL	0	Sweden has a total area of 449,964 square km with Stockholm as its capital.
Haiti	23278	23283	513 million	23361	23372	154	testsetinput.txt	GOODS	0	Textiles and apparel are Haiti's most important export to the United States, with apparel exports reaching $513 million last year.
Thailand	23384	23392	26 percent	23531	23541	155	testsetinput.txt	INTERNET	0	Thailand, a country which is widely known for its craze for social networks, reportedly, has a Facebook and internet penetration of 36 percent and 26 percent respectively.
Guinea-Bissau	23788	23801	46	23810	23812	157	testsetinput.txt	LIFE	0	The average life expectancy in Guinea-Bissau is just 46 years.
Bangladesh	23844	23854	2.25 percent	23890	23902	158	testsetinput.txt	INF	0	the BBS datum also show Bangladesh 's point-to-point inflation dip to 2.25 percent in June , while it be 10.04 percent in June a year ago .
Bangladesh	23844	23854	10.04 percent	23925	23938	158	testsetinput.txt	INF	0	the BBS datum also show Bangladesh 's point-to-point inflation dip to 2.25 percent in June , while it be 10.04 percent in June a year ago .
India	24000	24005	8.51 percent	24078	24090	159	testsetinput.txt	INF	0	The biggest domestic economic issue for India is inflation, which hit double figures earlier this year but dropped to 8.51 percent year-on-year in August.
China	24152	24157	33.9 percent	24161	24173	160	testsetinput.txt	INTERNET	0	the coverage rate of the internet in China be 33.9 percent -- above the world average of 30 percent , Wang tell a press conference .
China	24296	24301	46 %	24289	24292	161	testsetinput.txt	INTERNET	0	The current Internet penetration is only 46% in China compared to 88% in the US.
US	24325	24327	88 %	24314	24317	161	testsetinput.txt	INTERNET	0	The current Internet penetration is only 46% in China compared to 88% in the US.
Mumbai	24367	24373	13 million	24433	24443	162	testsetinput.txt	POP	0	The current population of the city of Mumbai, India, formerly known as Bombay, is estimated to be about 13 million.
Bombay	24400	24406	13 million	24433	24443	162	testsetinput.txt	POP	0	The current population of the city of Mumbai, India, formerly known as Bombay, is estimated to be about 13 million.
Australian	24707	24717	36.25 million	24737	24750	165	testsetinput.txt	POP	0	The estimated population for 2014 of the Australian continent is about 36.25 million people.
India	24770	24775	1.09 trillion	24801	24814	166	testsetinput.txt	GDP	0	The GDP of India in the year 2007 was US $1.09 trillion.
India	24852	24857	1876.80 billion	24868	24883	167	testsetinput.txt	GDP	0	The Gross Domestic Product (GDP) in India was worth 1876.80 billion US dollars in 2013.
Somalia	24940	24947	1.07 billion	24958	24970	168	testsetinput.txt	GDP	0	The Gross Domestic Product (GDP) in Somalia was worth 1.07 billion US dollars in 2010.
Indian Institute of Technology	24995	25025	550	25109	25112	169	testsetinput.txt	AGL	0	The Indian Institute of Technology, Mumbai, colloquially referred to as IITB or IIT Bombay, is spread over an area of 550 acres (2.2 km2) to the east of the Powai Lake.
Indian Institute of Technology	24995	25025	2.2	25120	25123	169	testsetinput.txt	AGL	0	The Indian Institute of Technology, Mumbai, colloquially referred to as IITB or IIT Bombay, is spread over an area of 550 acres (2.2 km2) to the east of the Powai Lake.
Pakistan	25183	25191	258.42 million	25200	25214	170	testsetinput.txt	FDI	0	The inflow of FDI into Pakistan was US$ 258.42 million in 1991, and in the same year in Afghanistan it was zero but in the year 2007 the inflow of FDI into Pakistan increased to US$ 4273 million and into Afghanistan it was at US$ 288 during 2007.
Pakistan	25183	25191	4273 million	25342	25354	170	testsetinput.txt	FDI	0	The inflow of FDI into Pakistan was US$ 258.42 million in 1991, and in the same year in Afghanistan it was zero but in the year 2007 the inflow of FDI into Pakistan increased to US$ 4273 million and into Afghanistan it was at US$ 288 during 2007.
Afghanistan	25248	25259	288	25390	25393	170	testsetinput.txt	FDI	0	The inflow of FDI into Pakistan was US$ 258.42 million in 1991, and in the same year in Afghanistan it was zero but in the year 2007 the inflow of FDI into Pakistan increased to US$ 4273 million and into Afghanistan it was at US$ 288 during 2007.
Pakistan	25316	25324	258.42 million	25200	25214	170	testsetinput.txt	FDI	0	The inflow of FDI into Pakistan was US$ 258.42 million in 1991, and in the same year in Afghanistan it was zero but in the year 2007 the inflow of FDI into Pakistan increased to US$ 4273 million and into Afghanistan it was at US$ 288 during 2007.
Pakistan	25316	25324	4273 million	25342	25354	170	testsetinput.txt	FDI	0	The inflow of FDI into Pakistan was US$ 258.42 million in 1991, and in the same year in Afghanistan it was zero but in the year 2007 the inflow of FDI into Pakistan increased to US$ 4273 million and into Afghanistan it was at US$ 288 during 2007.
Afghanistan	25364	25375	288	25390	25393	170	testsetinput.txt	FDI	0	The inflow of FDI into Pakistan was US$ 258.42 million in 1991, and in the same year in Afghanistan it was zero but in the year 2007 the inflow of FDI into Pakistan increased to US$ 4273 million and into Afghanistan it was at US$ 288 during 2007.
Brazil	25439	25445	4 percent	25484	25493	171	testsetinput.txt	INF	0	the institution also state that Brazil 's inflation rate will remain between 4 percent and 4.5 percent both in 2009 and 2010 .
Brazil	25439	25445	4.5 percent	25498	25509	171	testsetinput.txt	INF	0	the institution also state that Brazil 's inflation rate will remain between 4 percent and 4.5 percent both in 2009 and 2010 .
Lebanon	25752	25759	4,030	25811	25816	173	testsetinput.txt	AGL	0	THE LAND -- Lebanon lies in the eastern Mediterranean and covers about 4,030 square miles (10,450 square kilometers) -- smaller than the U.S. state of Connecticut.
Lebanon	25752	25759	10,450	25831	25837	173	testsetinput.txt	AGL	0	THE LAND -- Lebanon lies in the eastern Mediterranean and covers about 4,030 square miles (10,450 square kilometers) -- smaller than the U.S. state of Connecticut.
China	25921	25926	36926	25930	25935	174	testsetinput.txt	AGL	0	The land area of China is 36926 square miles, and that of India is 11823 square miles.
India	25962	25967	11823	25971	25976	174	testsetinput.txt	AGL	0	The land area of China is 36926 square miles, and that of India is 11823 square miles.
US	26023	26025	2,959,064	26029	26038	175	testsetinput.txt	AGL	0	The land area of the contiguous US is 2,959,064 square miles (7,663,941 km2).
US	26023	26025	7,663,941	26053	26062	175	testsetinput.txt	AGL	0	The land area of the contiguous US is 2,959,064 square miles (7,663,941 km2).
Germany	26088	26095	80,219,695	26140	26150	176	testsetinput.txt	POP	0	The last census in Germany took place in 2011, showing a population of 80,219,695, which made it the 16th most populous country.
United States	26239	26252	1.3 %	26256	26260	177	testsetinput.txt	INF	0	The latest annual inflation rate for the United States is 1.3% through the 12 months ended November 2014, as published by the US government on December 17, 2014.
US	26324	26326	1.3 %	26256	26260	177	testsetinput.txt	INF	0	The latest annual inflation rate for the United States is 1.3% through the 12 months ended November 2014, as published by the US government on December 17, 2014.
China	26815	26820	2.7 percent	26961	26972	182	testsetinput.txt	INF	0	the market be wary at the moment by concern that the monetary authority in China may start raise interest rate soon to keep a lid on mount inflationary pressure -- figure earlier show that China 's inflation rate jump to 2.7 percent in February over a year earlier from 1.5 percent in January .
China	26815	26820	1.5 percent	27010	27021	182	testsetinput.txt	INF	0	the market be wary at the moment by concern that the monetary authority in China may start raise interest rate soon to keep a lid on mount inflationary pressure -- figure earlier show that China 's inflation rate jump to 2.7 percent in February over a year earlier from 1.5 percent in January .
China	26929	26934	2.7 percent	26961	26972	182	testsetinput.txt	INF	0	the market be wary at the moment by concern that the monetary authority in China may start raise interest rate soon to keep a lid on mount inflationary pressure -- figure earlier show that China 's inflation rate jump to 2.7 percent in February over a year earlier from 1.5 percent in January .
China	26929	26934	1.5 percent	27010	27021	182	testsetinput.txt	INF	0	the market be wary at the moment by concern that the monetary authority in China may start raise interest rate soon to keep a lid on mount inflationary pressure -- figure earlier show that China 's inflation rate jump to 2.7 percent in February over a year earlier from 1.5 percent in January .
Vatican City	27299	27311	800	27321	27324	185	testsetinput.txt	POP	0	The population of Vatican City is about 800 people, of whom over 450 have Vatican citizenship, while the rest have permission to reside there, either temporarily or permanently, without the benefit of citizenship.
Vatican	27355	27362	800	27321	27324	185	testsetinput.txt	POP	0	The population of Vatican City is about 800 people, of whom over 450 have Vatican citizenship, while the rest have permission to reside there, either temporarily or permanently, without the benefit of citizenship.
Myanmar	27628	27635	51,419,420	27639	27649	187	testsetinput.txt	POP	0	The Provisional results of the 2014 census show that the total population of Myanmar is 51,419,420.
Hungary	28038	28045	10	28048	28050	190	testsetinput.txt	POP	0	The Roma accounts for almost a tenth of Hungary's 10 million-strong population.
India	28456	28461	1,028,737,436	28508	28521	193	testsetinput.txt	POP	0	The total population of India at the 00.00 hours of 1st March 2001 stood at 1,028,737,436 comprising 532,223,090 males and 496,514,346 females.
Greece	28781	28787	12 million hectares	28691	28710	194	testsetinput.txt	AGL	0	The United Nations this year inaugurated a decade for deserts and the fight against desertification, which affects 12 million hectares (30 million acres) of land fit for agriculture each year, the size as Greece or Benin, Gnacadja's home country.
Greece	28781	28787	30 million	28712	28722	194	testsetinput.txt	AGL	0	The United Nations this year inaugurated a decade for deserts and the fight against desertification, which affects 12 million hectares (30 million acres) of land fit for agriculture each year, the size as Greece or Benin, Gnacadja's home country.
Benin	28791	28796	12 million hectares	28691	28710	194	testsetinput.txt	AGL	0	The United Nations this year inaugurated a decade for deserts and the fight against desertification, which affects 12 million hectares (30 million acres) of land fit for agriculture each year, the size as Greece or Benin, Gnacadja's home country.
Benin	28791	28796	30 million	28712	28722	194	testsetinput.txt	AGL	0	The United Nations this year inaugurated a decade for deserts and the fight against desertification, which affects 12 million hectares (30 million acres) of land fit for agriculture each year, the size as Greece or Benin, Gnacadja's home country.
United States	28827	28840	16.8 trillion	28910	28923	195	testsetinput.txt	GDP	0	The United States is the world's largest national economy with a GDP of approximately $16.8 trillion, due to high average incomes, a large population,[6] capital investment, moderate unemployment,[7] high consumer spending,[8] a relatively young population,[9] and technological innovation.
US	29118	29120	3.5 million	29151	29162	196	testsetinput.txt	AGL	0	The US has a total area of more than 3.5 million square miles, making it the third largest country in the world after Russia and Canada.
Pakistan	29287	29295	770,880	29300	29307	197	testsetinput.txt	POP	0	The value for Land area (sq. km) in Pakistan was 770,880 as of 2011.
Mexico	29682	29688	800,000	29601	29608	199	testsetinput.txt	AGL	0	The wide scattering of the Marshalls' 29 atolls, 2,300 miles (3,700 kilometers) southwest of Hawaii, give them an exclusive economic zone of 800,000 square miles (2 million square kilometers) of ocean, an area the size of Mexico.
Mexico	29682	29688	2 million	29623	29632	199	testsetinput.txt	AGL	0	The wide scattering of the Marshalls' 29 atolls, 2,300 miles (3,700 kilometers) southwest of Hawaii, give them an exclusive economic zone of 800,000 square miles (2 million square kilometers) of ocean, an area the size of Mexico.
Brazil	29728	29734	190 million	29762	29773	200	testsetinput.txt	POP	0	There are 124 million credit cards in Brazil, which has a population of 190 million, Febraban said.
Russia	29842	29848	142,946,800	29994	30005	201	testsetinput.txt	POP	0	There are no official figures for the population of Russia in 2014, but the 2010 census, the results of which were released in late 2011 and early 2012, reports that the official population of Russia was 142,946,800.
Russia	29983	29989	142,946,800	29994	30005	201	testsetinput.txt	POP	0	There are no official figures for the population of Russia in 2014, but the 2010 census, the results of which were released in late 2011 and early 2012, reports that the official population of Russia was 142,946,800.
Spain	30053	30058	47 million	30075	30085	202	testsetinput.txt	POP	0	There are now about one million Muslims among Spain's population of 47 million.
India	30155	30160	1.2 billion	30263	30274	203	testsetinput.txt	POP	0	There is growing worry that the below-normal rains could jeopardise India's nascent economic recovery by hitting consumer demand in rural areas, where 70 percent of the nearly 1.2 billion population live.
China	30317	30322	2.7 percent	30350	30361	204	testsetinput.txt	INF	0	There was also news that China's inflation rate jumped to 2.7 percent in February from 1.5 percent in January.
China	30317	30322	1.5 percent	30379	30390	204	testsetinput.txt	INF	0	There was also news that China's inflation rate jumped to 2.7 percent in February from 1.5 percent in January.
Uganda	30427	30433	9.4 percent	30527	30538	205	testsetinput.txt	INF	0	This is the fourth time Uganda is recording single digit inflation after a period of about 20 months when the inflation was 9.4 percent for the year ending April 2008.
Togo	30824	30828	6.5 million	30842	30853	208	testsetinput.txt	POP	0	Togo, a nation of 6.5 million people, covers about 22,000 square miles near Africa's Atlantic coast, an area slightly larger than West Virginia.
Togo	30824	30828	22,000	30875	30881	208	testsetinput.txt	AGL	0	Togo, a nation of 6.5 million people, covers about 22,000 square miles near Africa's Atlantic coast, an area slightly larger than West Virginia.
Tunisia	31130	31137	163,610	31158	31165	210	testsetinput.txt	AGL	0	Tunisia occupies an area of 163,610 square kilometres, of which 8,250 are water.
Turkey	31211	31217	6.09 percent	31293	31305	211	testsetinput.txt	INF	0	Turkey 's central bank say Wednesday it expect the annual inflation rate to reach 6.09 percent at the end of 2009 , lower than the official target of 7.5 percent .
Turkey	31211	31217	7.5 percent	31361	31372	211	testsetinput.txt	INF	0	Turkey 's central bank say Wednesday it expect the annual inflation rate to reach 6.09 percent at the end of 2009 , lower than the official target of 7.5 percent .
Turkey	31375	31381	41.6 percent	31427	31439	212	testsetinput.txt	INTERNET	0	Turkey 's household have access to Internet rise to 41.6 percent from the 30 percent register last year , a survey carry out by the turkish Statistical Institute show on Wednesday .
Turkey	31375	31381	30 percent	31449	31459	212	testsetinput.txt	INTERNET	0	Turkey 's household have access to Internet rise to 41.6 percent from the 30 percent register last year , a survey carry out by the turkish Statistical Institute show on Wednesday .
turkish	31507	31514	41.6 percent	31427	31439	212	testsetinput.txt	INTERNET	0	Turkey 's household have access to Internet rise to 41.6 percent from the 30 percent register last year , a survey carry out by the turkish Statistical Institute show on Wednesday .
turkish	31507	31514	30 percent	31449	31459	212	testsetinput.txt	INTERNET	0	Turkey 's household have access to Internet rise to 41.6 percent from the 30 percent register last year , a survey carry out by the turkish Statistical Institute show on Wednesday .
Turkey	31557	31563	5.73 percent	31628	31640	213	testsetinput.txt	INF	0	Turkey's consumer price index (CPI), the main gauge of inflation, rose 5.73 percent in June from a year earlier, official figures showed Friday.
Tuvalu	31702	31708	10,000	31723	31729	214	testsetinput.txt	POP	0	Tuvalu -- population 10,000 -- press a demand that the conference discuss its idea that emerge giant economy be tie to bind emission cut under a new round of pledge under the Kyoto Protocol .
US	32254	32256	3,794,083	32269	32278	218	testsetinput.txt	AGL	0	US total area: 3,794,083 square miles (including water) -- (9,826,630 sq km).
US	32254	32256	9,826,630	32314	32323	218	testsetinput.txt	AGL	0	US total area: 3,794,083 square miles (including water) -- (9,826,630 sq km).
Vatican City	32332	32344	44	32502	32504	219	testsetinput.txt	AGL	0	Vatican City officially Vatican City State (Italian: Stato della Città del Vaticano; pronounced), a walled enclave within the city of Rome, with an area of approximately 44 hectares (110 acres), and a population of 842, is the smallest internationally recognized independent state in the world by both area and population.
Vatican City	32332	32344	110	32515	32518	219	testsetinput.txt	AGL	0	Vatican City officially Vatican City State (Italian: Stato della Città del Vaticano; pronounced), a walled enclave within the city of Rome, with an area of approximately 44 hectares (110 acres), and a population of 842, is the smallest internationally recognized independent state in the world by both area and population.
Vatican City	32332	32344	842	32547	32550	219	testsetinput.txt	POP	0	Vatican City officially Vatican City State (Italian: Stato della Città del Vaticano; pronounced), a walled enclave within the city of Rome, with an area of approximately 44 hectares (110 acres), and a population of 842, is the smallest internationally recognized independent state in the world by both area and population.
Vatican City	32356	32368	44	32502	32504	219	testsetinput.txt	AGL	0	Vatican City officially Vatican City State (Italian: Stato della Città del Vaticano; pronounced), a walled enclave within the city of Rome, with an area of approximately 44 hectares (110 acres), and a population of 842, is the smallest internationally recognized independent state in the world by both area and population.
Vatican City	32356	32368	110	32515	32518	219	testsetinput.txt	AGL	0	Vatican City officially Vatican City State (Italian: Stato della Città del Vaticano; pronounced), a walled enclave within the city of Rome, with an area of approximately 44 hectares (110 acres), and a population of 842, is the smallest internationally recognized independent state in the world by both area and population.
Vatican City	32356	32368	842	32547	32550	219	testsetinput.txt	POP	0	Vatican City officially Vatican City State (Italian: Stato della Città del Vaticano; pronounced), a walled enclave within the city of Rome, with an area of approximately 44 hectares (110 acres), and a population of 842, is the smallest internationally recognized independent state in the world by both area and population.
Stato della Città del Vaticano	32385	32415	44	32502	32504	219	testsetinput.txt	AGL	0	Vatican City officially Vatican City State (Italian: Stato della Città del Vaticano; pronounced), a walled enclave within the city of Rome, with an area of approximately 44 hectares (110 acres), and a population of 842, is the smallest internationally recognized independent state in the world by both area and population.
Stato della Città del Vaticano	32385	32415	110	32515	32518	219	testsetinput.txt	AGL	0	Vatican City officially Vatican City State (Italian: Stato della Città del Vaticano; pronounced), a walled enclave within the city of Rome, with an area of approximately 44 hectares (110 acres), and a population of 842, is the smallest internationally recognized independent state in the world by both area and population.
Stato della Città del Vaticano	32385	32415	842	32547	32550	219	testsetinput.txt	POP	0	Vatican City officially Vatican City State (Italian: Stato della Città del Vaticano; pronounced), a walled enclave within the city of Rome, with an area of approximately 44 hectares (110 acres), and a population of 842, is the smallest internationally recognized independent state in the world by both area and population.
Belgium	32841	32848	31,000	32757	32763	220	testsetinput.txt	AGL	0	Vietnam is planning for a one-metre (3.3 feet) rise in sea levels by 2100, which would inundate about 31,000 square kilometres (12,400 square miles) of land -- an area about the size of Belgium -- unless dykes and drainage systems are strengthened, a UN discussion paper said in December.
Belgium	32841	32848	12,400	32783	32789	220	testsetinput.txt	AGL	0	Vietnam is planning for a one-metre (3.3 feet) rise in sea levels by 2100, which would inundate about 31,000 square kilometres (12,400 square miles) of land -- an area about the size of Belgium -- unless dykes and drainage systems are strengthened, a UN discussion paper said in December.
India	32972	32977	9.90 percent	33017	33029	221	testsetinput.txt	INF	0	wholesale price inflation , India 's main cost-of-living measure , be at 9.90 percent , above the bank 's 5.5-percent target for the year end March 2011 .
India	33172	33177	1,210,193,422	33104	33117	222	testsetinput.txt	POP	0	With 1,210,193,422 residents reported in the 2011 provisional census,[8] India is the world's second-most populous country.
Singapore	33290	33299	700	33248	33251	223	testsetinput.txt	AGL	0	With a land area of just 700 square kilometres (280 square miles), Singapore does not have the watersheds and natural rivers from which to draw the life- giving resource.
Singapore	33290	33299	280	33271	33274	223	testsetinput.txt	AGL	0	With a land area of just 700 square kilometres (280 square miles), Singapore does not have the watersheds and natural rivers from which to draw the life- giving resource.
Serbia	33439	33445	88,300	33421	33427	224	testsetinput.txt	AGL	0	With a total area of about 88,300 square km, Serbia has a population of about 9.9 million.
Serbia	33439	33445	9.9 million	33472	33483	224	testsetinput.txt	POP	0	With a total area of about 88,300 square km, Serbia has a population of about 9.9 million.
Brazil	33565	33571	8,514,215	33511	33520	225	testsetinput.txt	AGL	0	With a total land area of 8,514,215 square kilometers (3,287,357 square miles), Brazil is larger than Australia and is Latin America's biggest country.
Brazil	33565	33571	3,287,357	33540	33549	225	testsetinput.txt	AGL	0	With a total land area of 8,514,215 square kilometers (3,287,357 square miles), Brazil is larger than Australia and is Latin America's biggest country.
Peru	33701	33705	1.29 million	33653	33665	226	testsetinput.txt	AGL	0	With an area of 1.29 million square km and Lima as its capital, Peru has a population of some 28.22 million, including Amerindians, Indian- Europeans, Europeans and others.
Peru	33701	33705	28.22 million	33731	33744	226	testsetinput.txt	POP	0	With an area of 1.29 million square km and Lima as its capital, Peru has a population of some 28.22 million, including Amerindians, Indian- Europeans, Europeans and others.
Spain	33839	33844	504,030	33826	33833	227	testsetinput.txt	AGL	0	With an area of 504,030 km², Spain is the second largest country in Western Europe(behind France) and with an average altitude of 650 m, the second highest country in Europe (behind Switzerland).
China	34070	34075	9.6 million	34028	34039	228	testsetinput.txt	AGL	0	With an area of about 9.6 million km², the People's Republic of China is the 3rd largest country in total area behind Russia and Canada, and very similar to the US.
Zimbabwe	34171	34179	47	34213	34215	229	testsetinput.txt	LIFE	0	Zimbabwe, where life expectancy is around 47 years and 15 percent of the population need food aid, would lose 47 percent; Nigeria -- Africa's most populous nation with a population of 152 million -- and Ethiopia would each lose 46 percent, and Liberia's population would fall by 45 percent.
Nigeria	34293	34300	152 million	34355	34366	229	testsetinput.txt	POP	0	Zimbabwe, where life expectancy is around 47 years and 15 percent of the population need food aid, would lose 47 percent; Nigeria -- Africa's most populous nation with a population of 152 million -- and Ethiopia would each lose 46 percent, and Liberia's population would fall by 45 percent.
Bangladesh	34494	34504	0.38 percent	34561	34573	230	testsetinput.txt	INTERNET	0	The number of Internet users in Bangladesh in 2009 was 617,300, representing a penetration rate of 0.38 percent.
